{
  "util_libs.git": 5.874432802200317, 
  "riscv-pk": 5.153452515602112, 
  "seL4.git": 7.924505949020386, 
  "seL4_tools.git": 4.920428991317749, 
  "sel4test.git": 5.028666615486145, 
  "musllibc.git": 6.5133315324783325, 
  "seL4_libs.git": 6.3728355169296265
}